CREATE SCHEMA  `twitter_database`;

CREATE TABLE `twitter_database`.`user_table` (
`user_id` INT NOT NULL,
`name` VARCHAR(45) NOT NULL,
`lastname` VARCHAR(45) NULL,
`email` VARCHAR(45) NOT NULL,
`password` VARCHAR(45) NOT NULL,
PRIMARY KEY (`user_id`));

INSERT INTO `twitter_database`.`user_table` (`user_id`, `name`, `lastname`, `email`, `password`) VALUES ('1', 'Edith', 'Rykert', 'EdithRykert@gmail.com', 'Rykert123');
INSERT INTO `twitter_database`.`user_table` (`user_id`, `name`, `lastname`, `email`, `password`) VALUES ('2', 'Steven', 'Preston', 'StevenPreston@gmail.com', 'Preston123');
INSERT INTO `twitter_database`.`user_table` (`user_id`, `name`, `lastname`, `email`, `password`) VALUES ('3', 'Hazel', 'Sanchez', 'HazelSanchez@gmail.com', 'Sanchez123');
INSERT INTO `twitter_database`.`user_table` (`user_id`, `name`, `lastname`, `email`, `password`) VALUES ('4', 'Tammara', 'Dorsey', 'TammaraDorsey@gmail.com', 'Dorsey123');
INSERT INTO `twitter_database`.`user_table` (`user_id`, `name`, `lastname`, `email`, `password`) VALUES ('5', 'Rodney', 'Lizarraga', 'RodneyLizarraga@gmail.com', 'Lizarraga123');
INSERT INTO `twitter_database`.`user_table` (`user_id`, `name`, `lastname`, `email`, `password`) VALUES ('6', 'Lee', 'Flores', 'LeeFlores@gmail.com', 'Flores123');
INSERT INTO `twitter_database`.`user_table` (`user_id`, `name`, `lastname`, `email`, `password`) VALUES ('7', 'Jo', 'Thompson', 'JoThompson@gmail.com', 'Thompson123');
INSERT INTO `twitter_database`.`user_table` (`user_id`, `name`, `lastname`, `email`, `password`) VALUES ('8', 'Patricia', 'Siler', 'PatriciaSiler@gmail.com', 'Siler123');
INSERT INTO `twitter_database`.`user_table` (`user_id`, `name`, `lastname`, `email`, `password`) VALUES ('9', 'Takisha', 'Crowe', 'TakishaCrowe@gmail.com', 'Crowe123');
INSERT INTO `twitter_database`.`user_table` (`user_id`, `name`, `lastname`, `email`, `password`) VALUES ('10', 'Miguel', 'Johnson', 'MiguelJohnson@gmail.com', 'Johnson123');
INSERT INTO `twitter_database`.`user_table` (`user_id`, `name`, `lastname`, `email`, `password`) VALUES ('11', 'Dana', 'Nery', 'DanaNery@gmail.com', 'Nery123');
INSERT INTO `twitter_database`.`user_table` (`user_id`, `name`, `lastname`, `email`, `password`) VALUES ('12', 'Ivan', 'Gillis', 'IvanGillis@gmail.com', 'Gillis123');
INSERT INTO `twitter_database`.`user_table` (`user_id`, `name`, `lastname`, `email`, `password`) VALUES ('13', 'Vernon', 'Rogers', 'VernonRogers@gmail.com', 'Rogers123');
INSERT INTO `twitter_database`.`user_table` (`user_id`, `name`, `lastname`, `email`, `password`) VALUES ('14', 'Ryan', 'Young', 'RyanYoung@gmail.com', 'Young123');
INSERT INTO `twitter_database`.`user_table` (`user_id`, `name`, `lastname`, `email`, `password`) VALUES ('15', 'Linda', 'Vanhoy', 'LindaVanhoy@gmail.com', 'Vanhoy123');
INSERT INTO `twitter_database`.`user_table` (`user_id`, `name`, `lastname`, `email`, `password`) VALUES ('16', 'James', 'Taylor', 'JamesTaylor@gmail.com', 'Taylor123');
INSERT INTO `twitter_database`.`user_table` (`user_id`, `name`, `lastname`, `email`, `password`) VALUES ('17', 'Betsy', 'Franklin', 'BetsyFranklin@gmail.com', 'Franklin123');
INSERT INTO `twitter_database`.`user_table` (`user_id`, `name`, `lastname`, `email`, `password`) VALUES ('18', 'Vickie', 'Freeman', 'VickieFreeman@gmail.com', 'Freeman123');
INSERT INTO `twitter_database`.`user_table` (`user_id`, `name`, `lastname`, `email`, `password`) VALUES ('19', 'Nicole', 'Mcdonald', 'NicoleMcdonald@gmail.com', 'Mcdonald123');
INSERT INTO `twitter_database`.`user_table` (`user_id`, `name`, `lastname`, `email`, `password`) VALUES ('20', 'Mary', 'Savarese', 'MarySavarese@gmail.com', 'Savarese123');
INSERT INTO `twitter_database`.`user_table` (`user_id`, `name`, `lastname`, `email`, `password`) VALUES ('21', 'Christy', 'Chin', 'ChristyChin@gmail.com', 'Chin123');
INSERT INTO `twitter_database`.`user_table` (`user_id`, `name`, `lastname`, `email`, `password`) VALUES ('22', 'Sharon', 'Briggs', 'SharonBriggs@gmail.com', 'Briggs123');
INSERT INTO `twitter_database`.`user_table` (`user_id`, `name`, `lastname`, `email`, `password`) VALUES ('23', 'Ronald', 'Apo', 'RonaldApo@gmail.com', 'Apo123');
INSERT INTO `twitter_database`.`user_table` (`user_id`, `name`, `lastname`, `email`, `password`) VALUES ('24', 'Keith', 'Lowe', 'KeithLowe@gmail.com', 'Lowe123');
INSERT INTO `twitter_database`.`user_table` (`user_id`, `name`, `lastname`, `email`, `password`) VALUES ('25', 'Scott', 'Morales', 'ScottMorales@gmail.com', 'Morales123');
INSERT INTO `twitter_database`.`user_table` (`user_id`, `name`, `lastname`, `email`, `password`) VALUES ('26', 'Cameron', 'Cogar', 'CameronCogar@gmail.com', 'Cogar123');
INSERT INTO `twitter_database`.`user_table` (`user_id`, `name`, `lastname`, `email`, `password`) VALUES ('27', 'Amy', 'Price', 'AmyPrice@gmail.com', 'Price123');
INSERT INTO `twitter_database`.`user_table` (`user_id`, `name`, `lastname`, `email`, `password`) VALUES ('28', 'Charles', 'Archie', 'CharlesArchie@gmail.com', 'Archie123');
INSERT INTO `twitter_database`.`user_table` (`user_id`, `name`, `lastname`, `email`, `password`) VALUES ('29', 'Mark', 'Kerwood', 'MarkKerwood@gmail.com', 'Kerwood123');
INSERT INTO `twitter_database`.`user_table` (`user_id`, `name`, `lastname`, `email`, `password`) VALUES ('30', 'Beverly', 'Schulz', 'BeverlySchulz@gmail.com', 'Schulz123');
INSERT INTO `twitter_database`.`user_table` (`user_id`, `name`, `lastname`, `email`, `password`) VALUES ('31', 'Joan', 'Rivera', 'JoanRivera@gmail.com', 'Rivera123');
INSERT INTO `twitter_database`.`user_table` (`user_id`, `name`, `lastname`, `email`, `password`) VALUES ('32', 'Margo', 'Vecker', 'MargoVecker@gmail.com', 'Vecker123');
INSERT INTO `twitter_database`.`user_table` (`user_id`, `name`, `lastname`, `email`, `password`) VALUES ('33', 'Richard', 'Tyson', 'RichardTyson@gmail.com', 'Tyson123');
INSERT INTO `twitter_database`.`user_table` (`user_id`, `name`, `lastname`, `email`, `password`) VALUES ('34', 'Susan', 'Carr', 'SusanCarr@gmail.com', 'Carr123');
INSERT INTO `twitter_database`.`user_table` (`user_id`, `name`, `lastname`, `email`, `password`) VALUES ('35', 'Lisa', 'Brown', 'LisaBrown@gmail.com', 'Brown123');
INSERT INTO `twitter_database`.`user_table` (`user_id`, `name`, `lastname`, `email`, `password`) VALUES ('36', 'Rebecca', 'Massie', 'RebeccaMassie@gmail.com', 'Massie123');
INSERT INTO `twitter_database`.`user_table` (`user_id`, `name`, `lastname`, `email`, `password`) VALUES ('37', 'Sidney', 'Scott', 'SidneyScott@gmail.com', 'Scott123');
INSERT INTO `twitter_database`.`user_table` (`user_id`, `name`, `lastname`, `email`, `password`) VALUES ('38', 'Glenda', 'Warrington', 'GlendaWarrington@gmail.com', 'Warrington123');
INSERT INTO `twitter_database`.`user_table` (`user_id`, `name`, `lastname`, `email`, `password`) VALUES ('39', 'Sarah', 'Walk', 'SarahWalk@gmail.com', 'Walk123');
INSERT INTO `twitter_database`.`user_table` (`user_id`, `name`, `lastname`, `email`, `password`) VALUES ('40', 'Sherrie', 'Gaters', 'SherrieGaters@gmail.com', 'Gaters123');
INSERT INTO `twitter_database`.`user_table` (`user_id`, `name`, `lastname`, `email`, `password`) VALUES ('41', 'George', 'Thomas', 'GeorgeThomas@gmail.com', 'Thomas123');
INSERT INTO `twitter_database`.`user_table` (`user_id`, `name`, `lastname`, `email`, `password`) VALUES ('42', 'Pat', 'Johnson', 'PatJohnson@gmail.com', 'Johnson123');
INSERT INTO `twitter_database`.`user_table` (`user_id`, `name`, `lastname`, `email`, `password`) VALUES ('43', 'Phillip', 'Garza', 'PhillipGarza@gmail.com', 'Garza123');
INSERT INTO `twitter_database`.`user_table` (`user_id`, `name`, `lastname`, `email`, `password`) VALUES ('44', 'Kevin', 'Johnson', 'KevinJohnson@gmail.com', 'Johnson123');
INSERT INTO `twitter_database`.`user_table` (`user_id`, `name`, `lastname`, `email`, `password`) VALUES ('45', 'Carolyn', 'Modlin', 'CarolynModlin@gmail.com', 'Modlin123');
INSERT INTO `twitter_database`.`user_table` (`user_id`, `name`, `lastname`, `email`, `password`) VALUES ('46', 'Robert', 'Bare', 'RobertBare@gmail.com', 'Bare123');
INSERT INTO `twitter_database`.`user_table` (`user_id`, `name`, `lastname`, `email`, `password`) VALUES ('47', 'Benjamin', 'Smith', 'BenjaminSmith@gmail.com', 'Smith123');
INSERT INTO `twitter_database`.`user_table` (`user_id`, `name`, `lastname`, `email`, `password`) VALUES ('48', 'Walter', 'Shaw', 'WalterShaw@gmail.com', 'Shaw123');
INSERT INTO `twitter_database`.`user_table` (`user_id`, `name`, `lastname`, `email`, `password`) VALUES ('49', 'Laura', 'Carrillo', 'LauraCarrillo@gmail.com', 'Carrillo123');
INSERT INTO `twitter_database`.`user_table` (`user_id`, `name`, `lastname`, `email`, `password`) VALUES ('50', 'Jewel', 'Jennings', 'JewelJennings@gmail.com', 'Jennings123');
INSERT INTO `twitter_database`.`user_table` (`user_id`, `name`, `lastname`, `email`, `password`) VALUES ('51', 'Joseph', 'Wagner', 'JosephWagner@gmail.com', 'Wagner123');
INSERT INTO `twitter_database`.`user_table` (`user_id`, `name`, `lastname`, `email`, `password`) VALUES ('52', 'Tina', 'Rosser', 'TinaRosser@gmail.com', 'Rosser123');
INSERT INTO `twitter_database`.`user_table` (`user_id`, `name`, `lastname`, `email`, `password`) VALUES ('53', 'Alvin', 'Price', 'AlvinPrice@gmail.com', 'Price123');
INSERT INTO `twitter_database`.`user_table` (`user_id`, `name`, `lastname`, `email`, `password`) VALUES ('54', 'Matthew', 'Hong', 'MatthewHong@gmail.com', 'Hong123');
INSERT INTO `twitter_database`.`user_table` (`user_id`, `name`, `lastname`, `email`, `password`) VALUES ('55', 'David', 'Mcfee', 'DavidMcfee@gmail.com', 'Mcfee123');
INSERT INTO `twitter_database`.`user_table` (`user_id`, `name`, `lastname`, `email`, `password`) VALUES ('56', 'Stacy', 'Leon', 'StacyLeon@gmail.com', 'Leon123');
INSERT INTO `twitter_database`.`user_table` (`user_id`, `name`, `lastname`, `email`, `password`) VALUES ('57', 'Sherry', 'Laitila', 'SherryLaitila@gmail.com', 'Laitila123');
INSERT INTO `twitter_database`.`user_table` (`user_id`, `name`, `lastname`, `email`, `password`) VALUES ('58', 'Cornelia', 'Brooks', 'CorneliaBrooks@gmail.com', 'Brooks123');
INSERT INTO `twitter_database`.`user_table` (`user_id`, `name`, `lastname`, `email`, `password`) VALUES ('59', 'Mary', 'Nickles', 'MaryNickles@gmail.com', 'Nickles123');
INSERT INTO `twitter_database`.`user_table` (`user_id`, `name`, `lastname`, `email`, `password`) VALUES ('60', 'Jessica', 'Cardello', 'JessicaCardello@gmail.com', 'Cardello123');
INSERT INTO `twitter_database`.`user_table` (`user_id`, `name`, `lastname`, `email`, `password`) VALUES ('61', 'Serena', 'Raynor', 'SerenaRaynor@gmail.com', 'Raynor123');
INSERT INTO `twitter_database`.`user_table` (`user_id`, `name`, `lastname`, `email`, `password`) VALUES ('62', 'Walter', 'Dunham', 'WalterDunham@gmail.com', 'Dunham123');
INSERT INTO `twitter_database`.`user_table` (`user_id`, `name`, `lastname`, `email`, `password`) VALUES ('63', 'Claudine', 'Fala', 'ClaudineFala@gmail.com', 'Fala123');
INSERT INTO `twitter_database`.`user_table` (`user_id`, `name`, `lastname`, `email`, `password`) VALUES ('64', 'James', 'Scofield', 'JamesScofield@gmail.com', 'Scofield123');
INSERT INTO `twitter_database`.`user_table` (`user_id`, `name`, `lastname`, `email`, `password`) VALUES ('65', 'Kenneth', 'Webb', 'KennethWebb@gmail.com', 'Webb123');
INSERT INTO `twitter_database`.`user_table` (`user_id`, `name`, `lastname`, `email`, `password`) VALUES ('66', 'Beverly', 'Brown', 'BeverlyBrown@gmail.com', 'Brown123');
INSERT INTO `twitter_database`.`user_table` (`user_id`, `name`, `lastname`, `email`, `password`) VALUES ('67', 'Donald', 'Day', 'DonaldDay@gmail.com', 'Day123');
INSERT INTO `twitter_database`.`user_table` (`user_id`, `name`, `lastname`, `email`, `password`) VALUES ('68', 'Sharon', 'Miga', 'SharonMiga@gmail.com', 'Miga123');
INSERT INTO `twitter_database`.`user_table` (`user_id`, `name`, `lastname`, `email`, `password`) VALUES ('69', 'Linda', 'Huffman', 'LindaHuffman@gmail.com', 'Huffman123');
INSERT INTO `twitter_database`.`user_table` (`user_id`, `name`, `lastname`, `email`, `password`) VALUES ('70', 'Lesia', 'Degen', 'LesiaDegen@gmail.com', 'Degen123');
INSERT INTO `twitter_database`.`user_table` (`user_id`, `name`, `lastname`, `email`, `password`) VALUES ('71', 'Micah', 'Pena', 'MicahPena@gmail.com', 'Pena123');
INSERT INTO `twitter_database`.`user_table` (`user_id`, `name`, `lastname`, `email`, `password`) VALUES ('72', 'Kevin', 'Lopez', 'KevinLopez@gmail.com', 'Lopez123');
INSERT INTO `twitter_database`.`user_table` (`user_id`, `name`, `lastname`, `email`, `password`) VALUES ('73', 'Harold', 'Benner', 'HaroldBenner@gmail.com', 'Benner123');
INSERT INTO `twitter_database`.`user_table` (`user_id`, `name`, `lastname`, `email`, `password`) VALUES ('74', 'Patty', 'Davis', 'PattyDavis@gmail.com', 'Davis123');
INSERT INTO `twitter_database`.`user_table` (`user_id`, `name`, `lastname`, `email`, `password`) VALUES ('75', 'Bobby', 'Reed', 'BobbyReed@gmail.com', 'Reed123');
INSERT INTO `twitter_database`.`user_table` (`user_id`, `name`, `lastname`, `email`, `password`) VALUES ('76', 'Laura', 'Carey', 'LauraCarey@gmail.com', 'Carey123');
INSERT INTO `twitter_database`.`user_table` (`user_id`, `name`, `lastname`, `email`, `password`) VALUES ('77', 'Dorothy', 'Sanchez', 'DorothySanchez@gmail.com', 'Sanchez123');
INSERT INTO `twitter_database`.`user_table` (`user_id`, `name`, `lastname`, `email`, `password`) VALUES ('78', 'Jason', 'Perrez', 'JasonPerrez@gmail.com', 'Perrez123');
INSERT INTO `twitter_database`.`user_table` (`user_id`, `name`, `lastname`, `email`, `password`) VALUES ('79', 'Jesus', 'Rollins', 'JesusRollins@gmail.com', 'Rollins123');
INSERT INTO `twitter_database`.`user_table` (`user_id`, `name`, `lastname`, `email`, `password`) VALUES ('80', 'Rhonda', 'Duke', 'RhondaDuke@gmail.com', 'Duke123');
INSERT INTO `twitter_database`.`user_table` (`user_id`, `name`, `lastname`, `email`, `password`) VALUES ('81', 'Darlene', 'Brown', 'DarleneBrown@gmail.com', 'Brown123');
INSERT INTO `twitter_database`.`user_table` (`user_id`, `name`, `lastname`, `email`, `password`) VALUES ('82', 'Carla', 'Kain', 'CarlaKain@gmail.com', 'Kain123');
INSERT INTO `twitter_database`.`user_table` (`user_id`, `name`, `lastname`, `email`, `password`) VALUES ('83', 'Sharmaine', 'Faust', 'SharmaineFaust@gmail.com', 'Faust123');
INSERT INTO `twitter_database`.`user_table` (`user_id`, `name`, `lastname`, `email`, `password`) VALUES ('84', 'Ernie', 'Kelly', 'ErnieKelly@gmail.com', 'Kelly123');
INSERT INTO `twitter_database`.`user_table` (`user_id`, `name`, `lastname`, `email`, `password`) VALUES ('85', 'Estella', 'Bradley', 'EstellaBradley@gmail.com', 'Bradley123');
INSERT INTO `twitter_database`.`user_table` (`user_id`, `name`, `lastname`, `email`, `password`) VALUES ('86', 'David', 'Smith', 'DavidSmith@gmail.com', 'Smith123');
INSERT INTO `twitter_database`.`user_table` (`user_id`, `name`, `lastname`, `email`, `password`) VALUES ('87', 'Kimberly', 'Messersmith', 'KimberlyMessersmith@gmail.com', 'Messersmith123');
INSERT INTO `twitter_database`.`user_table` (`user_id`, `name`, `lastname`, `email`, `password`) VALUES ('88', 'Billy', 'Williams', 'BillyWilliams@gmail.com', 'Williams123');
INSERT INTO `twitter_database`.`user_table` (`user_id`, `name`, `lastname`, `email`, `password`) VALUES ('89', 'Patricia', 'Jackson', 'PatriciaJackson@gmail.com', 'Jackson123');
INSERT INTO `twitter_database`.`user_table` (`user_id`, `name`, `lastname`, `email`, `password`) VALUES ('90', 'Mary', 'Strong', 'MaryStrong@gmail.com', 'Strong123');
INSERT INTO `twitter_database`.`user_table` (`user_id`, `name`, `lastname`, `email`, `password`) VALUES ('91', 'Jonathan', 'Jones', 'JonathanJones@gmail.com', 'Jones123');
INSERT INTO `twitter_database`.`user_table` (`user_id`, `name`, `lastname`, `email`, `password`) VALUES ('92', 'Delia', 'Current', 'DeliaCurrent@gmail.com', 'Current123');
INSERT INTO `twitter_database`.`user_table` (`user_id`, `name`, `lastname`, `email`, `password`) VALUES ('93', 'Lloyd', 'Wilkes', 'LloydWilkes@gmail.com', 'Wilkes123');
INSERT INTO `twitter_database`.`user_table` (`user_id`, `name`, `lastname`, `email`, `password`) VALUES ('94', 'Dana', 'Harty', 'DanaHarty@gmail.com', 'Harty123');
INSERT INTO `twitter_database`.`user_table` (`user_id`, `name`, `lastname`, `email`, `password`) VALUES ('95', 'Lori', 'Tieng', 'LoriTieng@gmail.com', 'Tieng123');
INSERT INTO `twitter_database`.`user_table` (`user_id`, `name`, `lastname`, `email`, `password`) VALUES ('96', 'Alejandro', 'Guadagno', 'AlejandroGuadagno@gmail.com', 'Guadagno123');
INSERT INTO `twitter_database`.`user_table` (`user_id`, `name`, `lastname`, `email`, `password`) VALUES ('97', 'Briana', 'Rauch', 'BrianaRauch@gmail.com', 'Rauch123');
INSERT INTO `twitter_database`.`user_table` (`user_id`, `name`, `lastname`, `email`, `password`) VALUES ('98', 'Joseph', 'Gonzalez', 'JosephGonzalez@gmail.com', 'Gonzalez123');
INSERT INTO `twitter_database`.`user_table` (`user_id`, `name`, `lastname`, `email`, `password`) VALUES ('99', 'David', 'Gutierrez', 'DavidGutierrez@gmail.com', 'Gutierrez123');
INSERT INTO `twitter_database`.`user_table` (`user_id`, `name`, `lastname`, `email`, `password`) VALUES ('100', 'Jennifer', 'Ford', 'JenniferFord@gmail.com', 'Ford123');
INSERT INTO `twitter_database`.`user_table` (`user_id`, `name`, `lastname`, `email`, `password`) VALUES ('101', 'Gloria', 'Wright', 'GloriaWright@gmail.com', 'Wright123');
INSERT INTO `twitter_database`.`user_table` (`user_id`, `name`, `lastname`, `email`, `password`) VALUES ('102', 'Jeffrey', 'Flint', 'JeffreyFlint@gmail.com', 'Flint123');
INSERT INTO `twitter_database`.`user_table` (`user_id`, `name`, `lastname`, `email`, `password`) VALUES ('103', 'Gerald', 'Voyer', 'GeraldVoyer@gmail.com', 'Voyer123');
INSERT INTO `twitter_database`.`user_table` (`user_id`, `name`, `lastname`, `email`, `password`) VALUES ('104', 'Paul', 'Riley', 'PaulRiley@gmail.com', 'Riley123');
INSERT INTO `twitter_database`.`user_table` (`user_id`, `name`, `lastname`, `email`, `password`) VALUES ('105', 'Devin', 'Fisher', 'DevinFisher@gmail.com', 'Fisher123');
INSERT INTO `twitter_database`.`user_table` (`user_id`, `name`, `lastname`, `email`, `password`) VALUES ('106', 'Laura', 'Mclean', 'LauraMclean@gmail.com', 'Mclean123');
INSERT INTO `twitter_database`.`user_table` (`user_id`, `name`, `lastname`, `email`, `password`) VALUES ('107', 'Donna', 'Lorentz', 'DonnaLorentz@gmail.com', 'Lorentz123');
INSERT INTO `twitter_database`.`user_table` (`user_id`, `name`, `lastname`, `email`, `password`) VALUES ('108', 'Willie', 'Smallidge', 'WillieSmallidge@gmail.com', 'Smallidge123');
INSERT INTO `twitter_database`.`user_table` (`user_id`, `name`, `lastname`, `email`, `password`) VALUES ('109', 'Gary', 'Mills', 'GaryMills@gmail.com', 'Mills123');
INSERT INTO `twitter_database`.`user_table` (`user_id`, `name`, `lastname`, `email`, `password`) VALUES ('110', 'Raquel', 'Pacheco', 'RaquelPacheco@gmail.com', 'Pacheco123');
INSERT INTO `twitter_database`.`user_table` (`user_id`, `name`, `lastname`, `email`, `password`) VALUES ('111', 'Randall', 'Rodgers', 'RandallRodgers@gmail.com', 'Rodgers123');
INSERT INTO `twitter_database`.`user_table` (`user_id`, `name`, `lastname`, `email`, `password`) VALUES ('112', 'Sean', 'Hudson', 'SeanHudson@gmail.com', 'Hudson123');
INSERT INTO `twitter_database`.`user_table` (`user_id`, `name`, `lastname`, `email`, `password`) VALUES ('113', 'Jose', 'Olson', 'JoseOlson@gmail.com', 'Olson123');
INSERT INTO `twitter_database`.`user_table` (`user_id`, `name`, `lastname`, `email`, `password`) VALUES ('114', 'John', 'Schafer', 'JohnSchafer@gmail.com', 'Schafer123');
INSERT INTO `twitter_database`.`user_table` (`user_id`, `name`, `lastname`, `email`, `password`) VALUES ('115', 'Hoa', 'Sajovic', 'HoaSajovic@gmail.com', 'Sajovic123');
INSERT INTO `twitter_database`.`user_table` (`user_id`, `name`, `lastname`, `email`, `password`) VALUES ('116', 'Teresa', 'Pearson', 'TeresaPearson@gmail.com', 'Pearson123');
INSERT INTO `twitter_database`.`user_table` (`user_id`, `name`, `lastname`, `email`, `password`) VALUES ('117', 'Teresa', 'Espinoza', 'TeresaEspinoza@gmail.com', 'Espinoza123');
INSERT INTO `twitter_database`.`user_table` (`user_id`, `name`, `lastname`, `email`, `password`) VALUES ('118', 'Margaret', 'Fadden', 'MargaretFadden@gmail.com', 'Fadden123');
INSERT INTO `twitter_database`.`user_table` (`user_id`, `name`, `lastname`, `email`, `password`) VALUES ('119', 'Brittany', 'Crayton', 'BrittanyCrayton@gmail.com', 'Crayton123');
INSERT INTO `twitter_database`.`user_table` (`user_id`, `name`, `lastname`, `email`, `password`) VALUES ('120', 'Barry', 'Wilt', 'BarryWilt@gmail.com', 'Wilt123');
INSERT INTO `twitter_database`.`user_table` (`user_id`, `name`, `lastname`, `email`, `password`) VALUES ('121', 'Patricia', 'Cahall', 'PatriciaCahall@gmail.com', 'Cahall123');
INSERT INTO `twitter_database`.`user_table` (`user_id`, `name`, `lastname`, `email`, `password`) VALUES ('122', 'Leon', 'Mcdonald', 'LeonMcdonald@gmail.com', 'Mcdonald123');
INSERT INTO `twitter_database`.`user_table` (`user_id`, `name`, `lastname`, `email`, `password`) VALUES ('123', 'George', 'Peoples', 'GeorgePeoples@gmail.com', 'Peoples123');
INSERT INTO `twitter_database`.`user_table` (`user_id`, `name`, `lastname`, `email`, `password`) VALUES ('124', 'Sandra', 'Butler', 'SandraButler@gmail.com', 'Butler123');
INSERT INTO `twitter_database`.`user_table` (`user_id`, `name`, `lastname`, `email`, `password`) VALUES ('125', 'Marvin', 'Stracener', 'MarvinStracener@gmail.com', 'Stracener123');
INSERT INTO `twitter_database`.`user_table` (`user_id`, `name`, `lastname`, `email`, `password`) VALUES ('126', 'Pamela', 'Beller', 'PamelaBeller@gmail.com', 'Beller123');
INSERT INTO `twitter_database`.`user_table` (`user_id`, `name`, `lastname`, `email`, `password`) VALUES ('127', 'Myrtle', 'Smith', 'MyrtleSmith@gmail.com', 'Smith123');
INSERT INTO `twitter_database`.`user_table` (`user_id`, `name`, `lastname`, `email`, `password`) VALUES ('128', 'Eric', 'Hatfield', 'EricHatfield@gmail.com', 'Hatfield123');
INSERT INTO `twitter_database`.`user_table` (`user_id`, `name`, `lastname`, `email`, `password`) VALUES ('129', 'Frank', 'Soriano', 'FrankSoriano@gmail.com', 'Soriano123');
INSERT INTO `twitter_database`.`user_table` (`user_id`, `name`, `lastname`, `email`, `password`) VALUES ('130', 'Randy', 'Rogers', 'RandyRogers@gmail.com', 'Rogers123');
INSERT INTO `twitter_database`.`user_table` (`user_id`, `name`, `lastname`, `email`, `password`) VALUES ('131', 'Sylvia', 'Tapp', 'SylviaTapp@gmail.com', 'Tapp123');
INSERT INTO `twitter_database`.`user_table` (`user_id`, `name`, `lastname`, `email`, `password`) VALUES ('132', 'Olga', 'Cato', 'OlgaCato@gmail.com', 'Cato123');
INSERT INTO `twitter_database`.`user_table` (`user_id`, `name`, `lastname`, `email`, `password`) VALUES ('133', 'Janie', 'Daggett', 'JanieDaggett@gmail.com', 'Daggett123');
INSERT INTO `twitter_database`.`user_table` (`user_id`, `name`, `lastname`, `email`, `password`) VALUES ('134', 'Paul', 'Chilton', 'PaulChilton@gmail.com', 'Chilton123');
INSERT INTO `twitter_database`.`user_table` (`user_id`, `name`, `lastname`, `email`, `password`) VALUES ('135', 'Dennis', 'Numbers', 'DennisNumbers@gmail.com', 'Numbers123');
INSERT INTO `twitter_database`.`user_table` (`user_id`, `name`, `lastname`, `email`, `password`) VALUES ('136', 'Angelina', 'Castellana', 'AngelinaCastellana@gmail.com', 'Castellana123');
INSERT INTO `twitter_database`.`user_table` (`user_id`, `name`, `lastname`, `email`, `password`) VALUES ('137', 'Beverly', 'Marcum', 'BeverlyMarcum@gmail.com', 'Marcum123');
INSERT INTO `twitter_database`.`user_table` (`user_id`, `name`, `lastname`, `email`, `password`) VALUES ('138', 'Inez', 'Kapper', 'InezKapper@gmail.com', 'Kapper123');
INSERT INTO `twitter_database`.`user_table` (`user_id`, `name`, `lastname`, `email`, `password`) VALUES ('139', 'Jesse', 'Barnett', 'JesseBarnett@gmail.com', 'Barnett123');
INSERT INTO `twitter_database`.`user_table` (`user_id`, `name`, `lastname`, `email`, `password`) VALUES ('140', 'Deborah', 'Kelley', 'DeborahKelley@gmail.com', 'Kelley123');
INSERT INTO `twitter_database`.`user_table` (`user_id`, `name`, `lastname`, `email`, `password`) VALUES ('141', 'Josie', 'Reynolds', 'JosieReynolds@gmail.com', 'Reynolds123');
INSERT INTO `twitter_database`.`user_table` (`user_id`, `name`, `lastname`, `email`, `password`) VALUES ('142', 'Jodi', 'Tanner', 'JodiTanner@gmail.com', 'Tanner123');
INSERT INTO `twitter_database`.`user_table` (`user_id`, `name`, `lastname`, `email`, `password`) VALUES ('143', 'Nancy', 'Casey', 'NancyCasey@gmail.com', 'Casey123');
INSERT INTO `twitter_database`.`user_table` (`user_id`, `name`, `lastname`, `email`, `password`) VALUES ('144', 'Timothy', 'Terry', 'TimothyTerry@gmail.com', 'Terry123');
INSERT INTO `twitter_database`.`user_table` (`user_id`, `name`, `lastname`, `email`, `password`) VALUES ('145', 'Carla', 'Wheeler', 'CarlaWheeler@gmail.com', 'Wheeler123');
INSERT INTO `twitter_database`.`user_table` (`user_id`, `name`, `lastname`, `email`, `password`) VALUES ('146', 'Seth', 'Stokes', 'SethStokes@gmail.com', 'Stokes123');
INSERT INTO `twitter_database`.`user_table` (`user_id`, `name`, `lastname`, `email`, `password`) VALUES ('147', 'Joseph', 'Bridges', 'JosephBridges@gmail.com', 'Bridges123');
INSERT INTO `twitter_database`.`user_table` (`user_id`, `name`, `lastname`, `email`, `password`) VALUES ('148', 'Sharon', 'Haynes', 'SharonHaynes@gmail.com', 'Haynes123');
INSERT INTO `twitter_database`.`user_table` (`user_id`, `name`, `lastname`, `email`, `password`) VALUES ('149', 'Donna', 'Cox', 'DonnaCox@gmail.com', 'Cox123');
INSERT INTO `twitter_database`.`user_table` (`user_id`, `name`, `lastname`, `email`, `password`) VALUES ('150', 'Mona', 'Adam', 'MonaAdam@gmail.com', 'Adam123');


CREATE TABLE `twitter_database`.`followers` (
`user_id` INT NOT NULL,
`name` VARCHAR(45) NOT NULL,
`lastname` VARCHAR(45) NULL,
`email` VARCHAR(45) NOT NULL,
`password` VARCHAR(45) NOT NULL,
PRIMARY KEY (`user_id`),
FOREIGN KEY (user_id) REFERENCES user_table(user_id));

INSERT INTO `twitter_database`.`followers` (`user_id`, `name`, `lastname`, `email`, `password`) VALUES ('1', 'Edith', 'Rykert', 'EdithRykert@gmail.com', 'Rykert123');
INSERT INTO `twitter_database`.`followers` (`user_id`, `name`, `lastname`, `email`, `password`) VALUES ('2', 'Steven', 'Preston', 'StevenPreston@gmail.com', 'Preston123'),
('92', 'Delia', 'Current', 'DeliaCurrent@gmail.com', 'Current123'),('150', 'Mona', 'Adam', 'MonaAdam@gmail.com', 'Adam123'),
('4', 'Tammara', 'Dorsey', 'TammaraDorsey@gmail.com', 'Dorsey123'), ('8', 'Patricia', 'Siler', 'PatriciaSiler@gmail.com', 'Siler123'),
 ('148', 'Sharon', 'Haynes', 'SharonHaynes@gmail.com', 'Haynes123'), ('147', 'Joseph', 'Bridges', 'JosephBridges@gmail.com', 'Bridges123'),
 ('144', 'Timothy', 'Terry', 'TimothyTerry@gmail.com', 'Terry123'),('139', 'Jesse', 'Barnett', 'JesseBarnett@gmail.com', 'Barnett123'),
 ('136', 'Angelina', 'Castellana', 'AngelinaCastellana@gmail.com', 'Castellana123'), ('134', 'Paul', 'Chilton', 'PaulChilton@gmail.com', 'Chilton123'),
 ('130', 'Randy', 'Rogers', 'RandyRogers@gmail.com', 'Rogers123'), ('128', 'Eric', 'Hatfield', 'EricHatfield@gmail.com', 'Hatfield123'),
 ('123', 'George', 'Peoples', 'GeorgePeoples@gmail.com', 'Peoples123'),('5', 'Rodney', 'Lizarraga', 'RodneyLizarraga@gmail.com', 'Lizarraga123'),
 ('11', 'Dana', 'Nery', 'DanaNery@gmail.com', 'Nery123'),('16', 'James', 'Taylor', 'JamesTaylor@gmail.com', 'Taylor123'),
 ('23', 'Ronald', 'Apo', 'RonaldApo@gmail.com', 'Apo123'),('25', 'Scott', 'Morales', 'ScottMorales@gmail.com', 'Morales123'),
 ('28', 'Charles', 'Archie', 'CharlesArchie@gmail.com', 'Archie123'),('31', 'Joan', 'Rivera', 'JoanRivera@gmail.com', 'Rivera123'),
 ('34', 'Susan', 'Carr', 'SusanCarr@gmail.com', 'Carr123'),('39', 'Sarah', 'Walk', 'SarahWalk@gmail.com', 'Walk123'),
 ('42', 'Pat', 'Johnson', 'PatJohnson@gmail.com', 'Johnson123'), ('47', 'Benjamin', 'Smith', 'BenjaminSmith@gmail.com', 'Smith123'),
 ('64', 'James', 'Scofield', 'JamesScofield@gmail.com', 'Scofield123'),('116', 'Teresa', 'Pearson', 'TeresaPearson@gmail.com', 'Pearson123'),
 ('111', 'Randall', 'Rodgers', 'RandallRodgers@gmail.com', 'Rodgers123'), ('105', 'Devin', 'Fisher', 'DevinFisher@gmail.com', 'Fisher123'),
 ('91', 'Jonathan', 'Jones', 'JonathanJones@gmail.com', 'Jones123'),('86', 'David', 'Smith', 'DavidSmith@gmail.com', 'Smith123'),
 ('79', 'Jesus', 'Rollins', 'JesusRollins@gmail.com', 'Rollins123'),('70', 'Lesia', 'Degen', 'LesiaDegen@gmail.com', 'Degen123'),
 ('69', 'Linda', 'Huffman', 'LindaHuffman@gmail.com', 'Huffman123'),('55', 'David', 'Mcfee', 'DavidMcfee@gmail.com', 'Mcfee123');


CREATE TABLE `twitter_database`.`feeds` (
`Feed_id` INT NOT NULL,
`User_id` INT NOT NULL,
`Feed_content` VARCHAR(45) NULL,
PRIMARY KEY (`Feed_id`),
FOREIGN KEY (User_id) REFERENCES user_table(user_id));

insert into `twitter_database`.`feeds` values (1, 1, 'having fun!');
insert into `twitter_database`.`feeds` values (2, 1, 'weekend fun!');
insert into `twitter_database`.`feeds` values (3, 2, 'travelling!');
insert into `twitter_database`.`feeds` values (4, 5, 'enjoy');
insert into `twitter_database`.`feeds` values (5, 10, 'hi');
insert into `twitter_database`.`feeds` values (6, 15, 'politics');
insert into `twitter_database`.`feeds` values (7, 27, 'I am great.');
insert into `twitter_database`.`feeds` values (8, 29, 'Who am I?');
insert into `twitter_database`.`feeds` values (9, 35, 'hola'), (10, 43, 'grazi ragazzi'), (11, 60, 'having fun!'), 
(12, 100, 'elon'), (13, 111, 'tata is cool'), (14, 122, 'bmw'), (15, 150, 'racing is daring');
insert into `twitter_database`.`feeds` values (16, 11, 'holai'), (17, 12, 'grazi voila ragazzi'), (18, 13, 'having no fun!'), 
(19, 14, 'elonmusk'), (20, 17, 'tata indica'), (21, 18, 'bmwi8'), (22, 19, 'racing');
insert into `twitter_database`.`feeds` values (23, 21, 'abhi'), (24, 12, 'ish'), (25, 13, 'maza'), 
(26, 14, 'elonmusk'), (27, 17, 'indica'), (28, 18, 'i8'), (29, 19, 'inglish');
insert into `twitter_database`.`feeds` values (30, 11, 'malai'), (31, 12, 'grazi'), (32, 13, 'extra fun!'), 
(33, 14, 'gates'), (34, 17, 'hyundai'), (35, 18, 'honda'), (36, 19, 'ferrari'), (37, 19, 'alpine');
insert into `twitter_database`.`feeds` values (38, 44, 'malaitikka'), 
(39, 55, 'grazias'), (40, 103, 'extra more fun!'), 
(41, 104, 'billgates'), (42, 127, 'toyota'), (43, 148, 'honac'), (44, 49, 'merc'), (45, 99, 'ren-alpine');


CREATE TABLE `twitter_database`.`retweets` (
`Retweet_id` INT NOT NULL,
`Feed_id` INT NOT NULL,
`User_id` INT NOT NULL,
PRIMARY KEY (`Retweet_id`),
FOREIGN KEY (User_id) REFERENCES user_table(user_id),
FOREIGN KEY (Feed_id) REFERENCES feeds(Feed_id)
);

INSERT INTO retweets values
(1,1,1),(2,2,2),(3,3,4),(4,4,7),(5,5,8),(6,7,10),(7,6,15),(8,10,16),(9,9,19),(10,8,21),
(11,11,31),(12,12,42),(13,13,54),(14,14,67),(15,15,78),(16,17,100),(17,16,105),(18,20,116),(19,19,119),(20,18,121),
(21,21,32),(22,22,43),(23,23,45),(24,24,57),(25,25,88),(26,27,90),(27,26,75),(28,30,106),(29,29,129),(30,28,111),
(31,31,51),(32,33,62),(33,32,74),(34,34,87),(35,35,98),(36,37,110),(37,36,117),(38,40,17),(39,39,22),(40,38,29);


CREATE TABLE `twitter_database`.`comments` (
`Comment_id` INT NOT NULL,
`Comment_content` LONGTEXT NULL,
`Feed_id` INT NOT NULL,
`User_id` INT NOT NULL,
PRIMARY KEY (`Comment_id`),
FOREIGN KEY (User_id) REFERENCES user_table(user_id),
FOREIGN KEY (Feed_id) REFERENCES feeds(Feed_id));

insert into `twitter_database`.`comments` values
(1,'haha',1,1), (2,'pop',2,3),(3,'top',3,5),(4,'hoping',4,7),(5,'bathing',5,9),
(6,'mad',6,2), (7,'rivals',7,4),(8,'into',10,6),(9,'the beast',8,8),(10,'movie',9,10),
(11,'thailaiva',11,21), (12,'imagicle',12,23),(13,'unbielssd',13,25),(14,'therefore',14,27),(15,'soothe',15,29),
(16,'porsche',16,31), (17,'lambo',17,33),(18,'ram',20,35),(19,'buick',18,37),(20,'dodge',19,39),
(21,'rachel',31,41), (22,'joey',32,43),(23,'chandler',33,45),(24,'ross',34,47),(25,'monica',35,49),
(26,'phoebe',26,61), (27,'central park',27,63),(28,'newyorkcity',28,65),(29,'popsicle',29,67),(30,'phillysteak',30,69),
(31,'india',21,91), (32,'tajmahal',22,93),(33,'isawadino',23,95),(34,'goodlickjerrry',24,97),(35,'angelakka',25,99),
(36,'yemaya chesave',36,111), (37,'adrustam is here',37,123),(38,'my luck my life',38,135),(39,'enjoy the day',39,147),(40,'wowww',40,109);

show tables from twitter_database;
SELECT * FROM twitter_database.user_table;
SELECT * FROM twitter_database.feeds;

SELECT * FROM twitter_database.retweets;
SELECT * FROM twitter_database.comments;
SELECT * FROM twitter_database.followers;

/* USE CASES */

SELECT feeds.Feed_content
From feeds
WHERE feed_id = '2';




